"COND","DX","ICD","PRIORITY"
"Bacterial infection (other)","0200","9",10
"Bacterial infection (other)","0208","9",10
"Bacterial infection (other)","0209","9",10
"Bacterial infection (other)","0218","9",10
"Bacterial infection (other)","0219","9",10
"Bacterial infection (other)","0228","9",10
"Bacterial infection (other)","0229","9",10
"Bacterial infection (other)","0230","9",10
"Bacterial infection (other)","0231","9",10
"Bacterial infection (other)","0232","9",10
"Bacterial infection (other)","0233","9",10
"Bacterial infection (other)","0238","9",10
"Bacterial infection (other)","0239","9",10
"Bacterial infection (other)","024","9",10
"Bacterial infection (other)","025","9",10
"Bacterial infection (other)","0260","9",10
"Bacterial infection (other)","0269","9",10
"Bacterial infection (other)","0270","9",10
"Bacterial infection (other)","0271","9",10
"Bacterial infection (other)","0272","9",10
"Bacterial infection (other)","0278","9",10
"Bacterial infection (other)","0279","9",10
"Bacterial infection (other)","0300","9",10
"Bacterial infection (other)","0301","9",10
"Bacterial infection (other)","0302","9",10
"Bacterial infection (other)","0303","9",10
"Bacterial infection (other)","0308","9",10
"Bacterial infection (other)","0309","9",10
"Bacterial infection (other)","0312","9",10
"Bacterial infection (other)","0318","9",10
"Bacterial infection (other)","0319","9",10
"Bacterial infection (other)","03289","9",10
"Bacterial infection (other)","0329","9",10
"Bacterial infection (other)","0330","9",10
"Bacterial infection (other)","0331","9",10
"Bacterial infection (other)","0338","9",10
"Bacterial infection (other)","0339","9",10
"Bacterial infection (other)","0341","9",10
"Bacterial infection (other)","0363","9",10
"Bacterial infection (other)","03681","9",10
"Bacterial infection (other)","03689","9",10
"Bacterial infection (other)","0369","9",10
"Bacterial infection (other)","037","9",10
"Bacterial infection (other)","0392","9",10
"Bacterial infection (other)","0393","9",10
"Bacterial infection (other)","0394","9",10
"Bacterial infection (other)","0398","9",10
"Bacterial infection (other)","0399","9",10
"Bacterial infection (other)","0400","9",10
"Bacterial infection (other)","0401","9",10
"Bacterial infection (other)","0402","9",10
"Bacterial infection (other)","0403","9",10
"Bacterial infection (other)","04042","9",10
"Bacterial infection (other)","04081","9",10
"Bacterial infection (other)","04082","9",10
"Bacterial infection (other)","04089","9",10
"Bacterial infection (other)","0410","9",10
"Bacterial infection (other)","04100","9",10
"Bacterial infection (other)","04101","9",10
"Bacterial infection (other)","04102","9",10
"Bacterial infection (other)","04103","9",10
"Bacterial infection (other)","04104","9",10
"Bacterial infection (other)","04105","9",10
"Bacterial infection (other)","04109","9",10
"Bacterial infection (other)","0411","9",10
"Bacterial infection (other)","04110","9",10
"Bacterial infection (other)","04111","9",10
"Bacterial infection (other)","04112","9",10
"Bacterial infection (other)","04119","9",10
"Bacterial infection (other)","0412","9",10
"Bacterial infection (other)","0413","9",10
"Bacterial infection (other)","0414","9",10
"Bacterial infection (other)","04141","9",10
"Bacterial infection (other)","04142","9",10
"Bacterial infection (other)","04143","9",10
"Bacterial infection (other)","04149","9",10
"Bacterial infection (other)","0415","9",10
"Bacterial infection (other)","0416","9",10
"Bacterial infection (other)","0417","9",10
"Bacterial infection (other)","0418","9",10
"Bacterial infection (other)","04181","9",10
"Bacterial infection (other)","04182","9",10
"Bacterial infection (other)","04183","9",10
"Bacterial infection (other)","04184","9",10
"Bacterial infection (other)","04185","9",10
"Bacterial infection (other)","04186","9",10
"Bacterial infection (other)","04189","9",10
"Bacterial infection (other)","0419","9",10
"Bacterial infection (other)","390","9",10
"Bacterial infection (other)","3929","9",10
"Bacterial infection (other)","7953","9",10
"Bacterial infection (other)","79531","9",10
"Bacterial infection (other)","79539","9",10
"Bacterial infection (other)","V090","9",10
"Bacterial infection (other)","V091","9",10
"Bacterial infection (other)","V092","9",10
"Bacterial infection (other)","V093","9",10
"Bacterial infection (other)","V094","9",10
"Bacterial infection (other)","V0950","9",10
"Bacterial infection (other)","V0951","9",10
"Bacterial infection (other)","V096","9",10
"Bacterial infection (other)","V0970","9",10
"Bacterial infection (other)","V0971","9",10
"Bacterial infection (other)","V0980","9",10
"Bacterial infection (other)","V0981","9",10
"Bacterial infection (other)","V0990","9",10
"Bacterial infection (other)","V0991","9",10
"Bacterial infection (other)","V1204","9",10
"Viral infection","0500","9",14
"Viral infection","0501","9",14
"Viral infection","0502","9",14
"Viral infection","0509","9",14
"Viral infection","0510","9",14
"Viral infection","05101","9",14
"Viral infection","05102","9",14
"Viral infection","0511","9",14
"Viral infection","0512","9",14
"Viral infection","0519","9",14
"Viral infection","0522","9",14
"Viral infection","0527","9",14
"Viral infection","0528","9",14
"Viral infection","0529","9",14
"Viral infection","05310","9",14
"Viral infection","05311","9",14
"Viral infection","05312","9",14
"Viral infection","05313","9",14
"Viral infection","05314","9",14
"Viral infection","05319","9",14
"Viral infection","05371","9",14
"Viral infection","05379","9",14
"Viral infection","0538","9",14
"Viral infection","0539","9",14
"Viral infection","0540","9",14
"Viral infection","05410","9",14
"Viral infection","05411","9",14
"Viral infection","05412","9",14
"Viral infection","05413","9",14
"Viral infection","05419","9",14
"Viral infection","0542","9",14
"Viral infection","0546","9",14
"Viral infection","05471","9",14
"Viral infection","05473","9",14
"Viral infection","05474","9",14
"Viral infection","05479","9",14
"Viral infection","0548","9",14
"Viral infection","0549","9",14
"Viral infection","05579","9",14
"Viral infection","0558","9",14
"Viral infection","0559","9",14
"Viral infection","05600","9",14
"Viral infection","05609","9",14
"Viral infection","05679","9",14
"Viral infection","0568","9",14
"Viral infection","0569","9",14
"Viral infection","0570","9",14
"Viral infection","0578","9",14
"Viral infection","0579","9",14
"Viral infection","05810","9",14
"Viral infection","05811","9",14
"Viral infection","05812","9",14
"Viral infection","05881","9",14
"Viral infection","05882","9",14
"Viral infection","05889","9",14
"Viral infection","05900","9",14
"Viral infection","05901","9",14
"Viral infection","05909","9",14
"Viral infection","05910","9",14
"Viral infection","05911","9",14
"Viral infection","05912","9",14
"Viral infection","05919","9",14
"Viral infection","05920","9",14
"Viral infection","05921","9",14
"Viral infection","05922","9",14
"Viral infection","0598","9",14
"Viral infection","0599","9",14
"Viral infection","0600","9",14
"Viral infection","0601","9",14
"Viral infection","0609","9",14
"Viral infection","061","9",14
"Viral infection","0650","9",14
"Viral infection","0651","9",14
"Viral infection","0652","9",14
"Viral infection","0653","9",14
"Viral infection","0654","9",14
"Viral infection","0658","9",14
"Viral infection","0659","9",14
"Viral infection","0660","9",14
"Viral infection","0661","9",14
"Viral infection","0663","9",14
"Viral infection","0664","9",14
"Viral infection","06640","9",14
"Viral infection","06642","9",14
"Viral infection","06649","9",14
"Viral infection","0668","9",14
"Viral infection","0669","9",14
"Viral infection","071","9",14
"Viral infection","0720","9",14
"Viral infection","0723","9",14
"Viral infection","07272","9",14
"Viral infection","07279","9",14
"Viral infection","0728","9",14
"Viral infection","0729","9",14
"Viral infection","0737","9",14
"Viral infection","0738","9",14
"Viral infection","0739","9",14
"Viral infection","0740","9",14
"Viral infection","0741","9",14
"Viral infection","0743","9",14
"Viral infection","0748","9",14
"Viral infection","075","9",14
"Viral infection","0780","9",14
"Viral infection","0781","9",14
"Viral infection","07810","9",14
"Viral infection","07811","9",14
"Viral infection","07812","9",14
"Viral infection","07819","9",14
"Viral infection","0782","9",14
"Viral infection","0783","9",14
"Viral infection","0784","9",14
"Viral infection","0785","9",14
"Viral infection","0786","9",14
"Viral infection","0787","9",14
"Viral infection","07881","9",14
"Viral infection","07882","9",14
"Viral infection","07888","9",14
"Viral infection","07889","9",14
"Viral infection","0790","9",14
"Viral infection","0791","9",14
"Viral infection","0792","9",14
"Viral infection","0793","9",14
"Viral infection","0794","9",14
"Viral infection","07950","9",14
"Viral infection","07951","9",14
"Viral infection","07952","9",14
"Viral infection","07959","9",14
"Viral infection","0796","9",14
"Viral infection","0798","9",14
"Viral infection","07981","9",14
"Viral infection","07982","9",14
"Viral infection","07983","9",14
"Viral infection","07988","9",14
"Viral infection","07989","9",14
"Viral infection","0799","9",14
"Viral infection","07998","9",14
"Viral infection","07999","9",14
"Viral infection","7908","9",14
"Otitis media","0552","9",8
"Otitis media","38100","9",8
"Otitis media","38101","9",8
"Otitis media","38102","9",8
"Otitis media","38103","9",8
"Otitis media","38104","9",8
"Otitis media","38105","9",8
"Otitis media","38106","9",8
"Otitis media","38110","9",8
"Otitis media","38119","9",8
"Otitis media","38120","9",8
"Otitis media","38129","9",8
"Otitis media","3813","9",8
"Otitis media","3814","9",8
"Otitis media","38150","9",8
"Otitis media","38151","9",8
"Otitis media","38152","9",8
"Otitis media","38160","9",8
"Otitis media","38161","9",8
"Otitis media","38162","9",8
"Otitis media","38163","9",8
"Otitis media","3817","9",8
"Otitis media","38181","9",8
"Otitis media","38189","9",8
"Otitis media","3819","9",8
"Otitis media","38200","9",8
"Otitis media","38201","9",8
"Otitis media","38202","9",8
"Otitis media","3821","9",8
"Otitis media","3822","9",8
"Otitis media","3823","9",8
"Otitis media","3824","9",8
"Otitis media","3829","9",8
"Otitis media","38300","9",8
"Otitis media","38301","9",8
"Otitis media","38302","9",8
"Otitis media","3831","9",8
"Otitis media","38320","9",8
"Otitis media","38321","9",8
"Otitis media","38322","9",8
"Otitis media","38330","9",8
"Otitis media","38331","9",8
"Otitis media","38332","9",8
"Otitis media","38333","9",8
"Otitis media","38381","9",8
"Otitis media","38389","9",8
"Otitis media","3839","9",8
"Otitis media","38420","9",8
"Otitis media","38421","9",8
"Otitis media","38422","9",8
"Otitis media","38423","9",8
"Otitis media","38424","9",8
"Otitis media","38425","9",8
"Otitis media","38481","9",8
"Otitis media","38482","9",8
"Otitis media","3849","9",8
"Otitis media","38500","9",8
"Otitis media","38501","9",8
"Otitis media","38502","9",8
"Otitis media","38503","9",8
"Otitis media","38509","9",8
"Otitis media","38510","9",8
"Otitis media","38511","9",8
"Otitis media","38512","9",8
"Otitis media","38513","9",8
"Otitis media","38519","9",8
"Otitis media","38521","9",8
"Otitis media","38522","9",8
"Otitis media","38523","9",8
"Otitis media","38524","9",8
"Otitis media","3870","9",8
"Otitis media","3871","9",8
"Otitis media","3872","9",8
"Otitis media","3878","9",8
"Otitis media","3879","9",8
"Essential hypertension","4011","9",15
"Essential hypertension","4019","9",15
"Pneumonia","00322","9",1
"Pneumonia","0203","9",1
"Pneumonia","0204","9",1
"Pneumonia","0205","9",1
"Pneumonia","0212","9",1
"Pneumonia","0221","9",1
"Pneumonia","0310","9",1
"Pneumonia","0391","9",1
"Pneumonia","0521","9",1
"Pneumonia","0551","9",1
"Pneumonia","0730","9",1
"Pneumonia","0830","9",1
"Pneumonia","1124","9",1
"Pneumonia","1140","9",1
"Pneumonia","1144","9",1
"Pneumonia","1145","9",1
"Pneumonia","11505","9",1
"Pneumonia","11515","9",1
"Pneumonia","11595","9",1
"Pneumonia","1304","9",1
"Pneumonia","1363","9",1
"Pneumonia","4800","9",1
"Pneumonia","4801","9",1
"Pneumonia","4802","9",1
"Pneumonia","4803","9",1
"Pneumonia","4808","9",1
"Pneumonia","4809","9",1
"Pneumonia","481","9",1
"Pneumonia","4820","9",1
"Pneumonia","4821","9",1
"Pneumonia","4822","9",1
"Pneumonia","4823","9",1
"Pneumonia","48230","9",1
"Pneumonia","48231","9",1
"Pneumonia","48232","9",1
"Pneumonia","48239","9",1
"Pneumonia","4824","9",1
"Pneumonia","48240","9",1
"Pneumonia","48241","9",1
"Pneumonia","48242","9",1
"Pneumonia","48249","9",1
"Pneumonia","4828","9",1
"Pneumonia","48281","9",1
"Pneumonia","48282","9",1
"Pneumonia","48283","9",1
"Pneumonia","48284","9",1
"Pneumonia","48289","9",1
"Pneumonia","4829","9",1
"Pneumonia","483","9",1
"Pneumonia","4830","9",1
"Pneumonia","4831","9",1
"Pneumonia","4838","9",1
"Pneumonia","4841","9",1
"Pneumonia","4843","9",1
"Pneumonia","4845","9",1
"Pneumonia","4846","9",1
"Pneumonia","4847","9",1
"Pneumonia","4848","9",1
"Pneumonia","485","9",1
"Pneumonia","486","9",1
"Pneumonia","5130","9",1
"Pneumonia","5171","9",1
"Influenza","4870","9",13
"Influenza","4871","9",13
"Influenza","4878","9",13
"Influenza","488","9",13
"Influenza","4880","9",13
"Influenza","48801","9",13
"Influenza","48802","9",13
"Influenza","48809","9",13
"Influenza","4881","9",13
"Influenza","48811","9",13
"Influenza","48812","9",13
"Influenza","48819","9",13
"Influenza","48881","9",13
"Influenza","48882","9",13
"Influenza","48889","9",13
"Tonsillitis","463","9",11
"Tonsillitis","4740","9",11
"Tonsillitis","47400","9",11
"Tonsillitis","47401","9",11
"Tonsillitis","47402","9",11
"Tonsillitis","47410","9",11
"Tonsillitis","47411","9",11
"Tonsillitis","47412","9",11
"Tonsillitis","4742","9",11
"Tonsillitis","4748","9",11
"Tonsillitis","4749","9",11
"Tonsillitis","475","9",11
"Bronchitis (acute)","4660","9",12
"Bronchitis (acute)","4661","9",12
"Bronchitis (acute)","46611","9",12
"Bronchitis (acute)","46619","9",12
"URI (other)","0320","9",6
"URI (other)","0321","9",6
"URI (other)","0322","9",6
"URI (other)","0323","9",6
"Strep pharyngitis","0340","9",4
"URI (other)","460","9",6
"Sinusitis","4610","9",5
"Sinusitis","4611","9",5
"Sinusitis","4612","9",5
"Sinusitis","4613","9",5
"Sinusitis","4618","9",5
"Sinusitis","4619","9",5
"URI (other)","462","9",6
"URI (other)","4640","9",6
"URI (other)","46400","9",6
"URI (other)","46401","9",6
"URI (other)","46410","9",6
"URI (other)","46411","9",6
"URI (other)","46420","9",6
"URI (other)","46421","9",6
"URI (other)","46430","9",6
"URI (other)","46431","9",6
"URI (other)","4644","9",6
"URI (other)","46450","9",6
"URI (other)","46451","9",6
"URI (other)","4650","9",6
"URI (other)","4658","9",6
"URI (other)","4659","9",6
"Sinusitis","4730","9",5
"Sinusitis","4731","9",5
"Sinusitis","4732","9",5
"Sinusitis","4733","9",5
"Sinusitis","4738","9",5
"Sinusitis","4739","9",5
"URI (other)","78491","9",6
"Asthma","49300","9",9
"Asthma","49301","9",9
"Asthma","49302","9",9
"Asthma","49310","9",9
"Asthma","49311","9",9
"Asthma","49312","9",9
"Asthma","49320","9",9
"Asthma","49321","9",9
"Asthma","49322","9",9
"Asthma","49381","9",9
"Asthma","49382","9",9
"Asthma","49390","9",9
"Asthma","49391","9",9
"Asthma","49392","9",9
"Intestinal infection","0010","9",3
"Intestinal infection","0011","9",3
"Intestinal infection","0019","9",3
"Intestinal infection","0020","9",3
"Intestinal infection","0021","9",3
"Intestinal infection","0022","9",3
"Intestinal infection","0023","9",3
"Intestinal infection","0029","9",3
"Intestinal infection","0030","9",3
"Intestinal infection","00320","9",3
"Intestinal infection","00329","9",3
"Intestinal infection","0038","9",3
"Intestinal infection","0039","9",3
"Intestinal infection","0040","9",3
"Intestinal infection","0041","9",3
"Intestinal infection","0042","9",3
"Intestinal infection","0043","9",3
"Intestinal infection","0048","9",3
"Intestinal infection","0049","9",3
"Intestinal infection","0050","9",3
"Intestinal infection","0051","9",3
"Intestinal infection","0052","9",3
"Intestinal infection","0053","9",3
"Intestinal infection","0054","9",3
"Intestinal infection","0058","9",3
"Intestinal infection","00581","9",3
"Intestinal infection","00589","9",3
"Intestinal infection","0059","9",3
"Intestinal infection","0060","9",3
"Intestinal infection","0061","9",3
"Intestinal infection","0062","9",3
"Intestinal infection","0063","9",3
"Intestinal infection","0064","9",3
"Intestinal infection","0065","9",3
"Intestinal infection","0066","9",3
"Intestinal infection","0068","9",3
"Intestinal infection","0069","9",3
"Intestinal infection","0070","9",3
"Intestinal infection","0071","9",3
"Intestinal infection","0072","9",3
"Intestinal infection","0073","9",3
"Intestinal infection","0074","9",3
"Intestinal infection","0075","9",3
"Intestinal infection","0078","9",3
"Intestinal infection","0079","9",3
"Intestinal infection","0080","9",3
"Intestinal infection","00800","9",3
"Intestinal infection","00801","9",3
"Intestinal infection","00802","9",3
"Intestinal infection","00803","9",3
"Intestinal infection","00804","9",3
"Intestinal infection","00809","9",3
"Intestinal infection","0081","9",3
"Intestinal infection","0082","9",3
"Intestinal infection","0083","9",3
"Intestinal infection","00841","9",3
"Intestinal infection","00842","9",3
"Intestinal infection","00843","9",3
"Intestinal infection","00844","9",3
"Intestinal infection","00845","9",3
"Intestinal infection","00846","9",3
"Intestinal infection","00847","9",3
"Intestinal infection","00849","9",3
"Intestinal infection","0085","9",3
"Intestinal infection","0086","9",3
"Intestinal infection","00861","9",3
"Intestinal infection","00862","9",3
"Intestinal infection","00863","9",3
"Intestinal infection","00864","9",3
"Intestinal infection","00865","9",3
"Intestinal infection","00866","9",3
"Intestinal infection","00867","9",3
"Intestinal infection","00869","9",3
"Intestinal infection","0088","9",3
"Intestinal infection","0090","9",3
"Intestinal infection","0091","9",3
"Intestinal infection","0092","9",3
"Intestinal infection","0093","9",3
"Intestinal infection","0211","9",3
"Intestinal infection","0222","9",3
"UTI","03284","9",2
"UTI","59000","9",2
"UTI","59001","9",2
"UTI","59010","9",2
"UTI","59011","9",2
"UTI","5902","9",2
"UTI","5903","9",2
"UTI","59080","9",2
"UTI","59081","9",2
"UTI","5909","9",2
"UTI","5950","9",2
"UTI","5951","9",2
"UTI","5952","9",2
"UTI","5953","9",2
"UTI","5954","9",2
"UTI","59581","9",2
"UTI","59582","9",2
"UTI","59589","9",2
"UTI","5959","9",2
"UTI","5970","9",2
"UTI","59780","9",2
"UTI","59781","9",2
"UTI","59789","9",2
"UTI","59800","9",2
"UTI","59801","9",2
"UTI","5990","9",2
"SSTI","0201","9",7
"SSTI","0210","9",7
"SSTI","0220","9",7
"SSTI","0311","9",7
"SSTI","03285","9",7
"SSTI","035","9",7
"SSTI","0390","9",7
"SSTI","6800","9",7
"SSTI","6801","9",7
"SSTI","6802","9",7
"SSTI","6803","9",7
"SSTI","6804","9",7
"SSTI","6805","9",7
"SSTI","6806","9",7
"SSTI","6807","9",7
"SSTI","6808","9",7
"SSTI","6809","9",7
"SSTI","68100","9",7
"SSTI","68101","9",7
"SSTI","68102","9",7
"SSTI","68110","9",7
"SSTI","68111","9",7
"SSTI","6819","9",7
"SSTI","6820","9",7
"SSTI","6821","9",7
"SSTI","6822","9",7
"SSTI","6823","9",7
"SSTI","6824","9",7
"SSTI","6825","9",7
"SSTI","6826","9",7
"SSTI","6827","9",7
"SSTI","6828","9",7
"SSTI","6829","9",7
"SSTI","684","9",7
"SSTI","6850","9",7
"SSTI","6851","9",7
"SSTI","6860","9",7
"SSTI","68600","9",7
"SSTI","68601","9",7
"SSTI","68609","9",7
"SSTI","6861","9",7
"SSTI","6868","9",7
"SSTI","6869","9",7
"Motor vehicle traffic","E8100","9",16
"Motor vehicle traffic","E8101","9",16
"Motor vehicle traffic","E8102","9",16
"Motor vehicle traffic","E8103","9",16
"Motor vehicle traffic","E8104","9",16
"Motor vehicle traffic","E8105","9",16
"Motor vehicle traffic","E8106","9",16
"Motor vehicle traffic","E8107","9",16
"Motor vehicle traffic","E8108","9",16
"Motor vehicle traffic","E8109","9",16
"Motor vehicle traffic","E8110","9",16
"Motor vehicle traffic","E8111","9",16
"Motor vehicle traffic","E8112","9",16
"Motor vehicle traffic","E8113","9",16
"Motor vehicle traffic","E8114","9",16
"Motor vehicle traffic","E8115","9",16
"Motor vehicle traffic","E8116","9",16
"Motor vehicle traffic","E8117","9",16
"Motor vehicle traffic","E8118","9",16
"Motor vehicle traffic","E8119","9",16
"Motor vehicle traffic","E8120","9",16
"Motor vehicle traffic","E8121","9",16
"Motor vehicle traffic","E8122","9",16
"Motor vehicle traffic","E8123","9",16
"Motor vehicle traffic","E8124","9",16
"Motor vehicle traffic","E8125","9",16
"Motor vehicle traffic","E8126","9",16
"Motor vehicle traffic","E8127","9",16
"Motor vehicle traffic","E8128","9",16
"Motor vehicle traffic","E8129","9",16
"Motor vehicle traffic","E8130","9",16
"Motor vehicle traffic","E8131","9",16
"Motor vehicle traffic","E8132","9",16
"Motor vehicle traffic","E8133","9",16
"Motor vehicle traffic","E8134","9",16
"Motor vehicle traffic","E8135","9",16
"Motor vehicle traffic","E8136","9",16
"Motor vehicle traffic","E8137","9",16
"Motor vehicle traffic","E8138","9",16
"Motor vehicle traffic","E8139","9",16
"Motor vehicle traffic","E8140","9",16
"Motor vehicle traffic","E8141","9",16
"Motor vehicle traffic","E8142","9",16
"Motor vehicle traffic","E8143","9",16
"Motor vehicle traffic","E8144","9",16
"Motor vehicle traffic","E8145","9",16
"Motor vehicle traffic","E8146","9",16
"Motor vehicle traffic","E8147","9",16
"Motor vehicle traffic","E8148","9",16
"Motor vehicle traffic","E8149","9",16
"Motor vehicle traffic","E8150","9",16
"Motor vehicle traffic","E8151","9",16
"Motor vehicle traffic","E8152","9",16
"Motor vehicle traffic","E8153","9",16
"Motor vehicle traffic","E8154","9",16
"Motor vehicle traffic","E8155","9",16
"Motor vehicle traffic","E8156","9",16
"Motor vehicle traffic","E8157","9",16
"Motor vehicle traffic","E8158","9",16
"Motor vehicle traffic","E8159","9",16
"Motor vehicle traffic","E8160","9",16
"Motor vehicle traffic","E8161","9",16
"Motor vehicle traffic","E8162","9",16
"Motor vehicle traffic","E8163","9",16
"Motor vehicle traffic","E8164","9",16
"Motor vehicle traffic","E8165","9",16
"Motor vehicle traffic","E8166","9",16
"Motor vehicle traffic","E8167","9",16
"Motor vehicle traffic","E8168","9",16
"Motor vehicle traffic","E8169","9",16
"Motor vehicle traffic","E8170","9",16
"Motor vehicle traffic","E8171","9",16
"Motor vehicle traffic","E8172","9",16
"Motor vehicle traffic","E8173","9",16
"Motor vehicle traffic","E8174","9",16
"Motor vehicle traffic","E8175","9",16
"Motor vehicle traffic","E8176","9",16
"Motor vehicle traffic","E8177","9",16
"Motor vehicle traffic","E8178","9",16
"Motor vehicle traffic","E8179","9",16
"Motor vehicle traffic","E8180","9",16
"Motor vehicle traffic","E8181","9",16
"Motor vehicle traffic","E8182","9",16
"Motor vehicle traffic","E8183","9",16
"Motor vehicle traffic","E8184","9",16
"Motor vehicle traffic","E8185","9",16
"Motor vehicle traffic","E8186","9",16
"Motor vehicle traffic","E8187","9",16
"Motor vehicle traffic","E8188","9",16
"Motor vehicle traffic","E8189","9",16
"Motor vehicle traffic","E8190","9",16
"Motor vehicle traffic","E8191","9",16
"Motor vehicle traffic","E8192","9",16
"Motor vehicle traffic","E8193","9",16
"Motor vehicle traffic","E8194","9",16
"Motor vehicle traffic","E8195","9",16
"Motor vehicle traffic","E8196","9",16
"Motor vehicle traffic","E8197","9",16
"Motor vehicle traffic","E8198","9",16
"Motor vehicle traffic","E8199","9",16
"Motor vehicle traffic","E9685","9",16
"Motor vehicle traffic","E9885","9",16
"Intestinal infection","A000","0",3
"Intestinal infection","A001","0",3
"Intestinal infection","A009","0",3
"Intestinal infection","A0100","0",3
"Bacterial infection (other)","A0101","0",10
"Bacterial infection (other)","A0102","0",10
"Pneumonia","A0103","0",1
"Bacterial infection (other)","A0104","0",10
"Bacterial infection (other)","A0105","0",10
"Intestinal infection","A0109","0",3
"Intestinal infection","A011","0",3
"Intestinal infection","A012","0",3
"Intestinal infection","A013","0",3
"Intestinal infection","A014","0",3
"Intestinal infection","A020","0",3
"Bacterial infection (other)","A021","0",10
"Bacterial infection (other)","A0220","0",10
"Bacterial infection (other)","A0221","0",10
"Pneumonia","A0222","0",1
"Bacterial infection (other)","A0223","0",10
"Bacterial infection (other)","A0224","0",10
"UTI","A0225","0",2
"Intestinal infection","A0229","0",3
"Bacterial infection (other)","A028","0",10
"Intestinal infection","A029","0",3
"Intestinal infection","A030","0",3
"Intestinal infection","A031","0",3
"Intestinal infection","A032","0",3
"Intestinal infection","A033","0",3
"Intestinal infection","A038","0",3
"Intestinal infection","A039","0",3
"Intestinal infection","A040","0",3
"Intestinal infection","A041","0",3
"Intestinal infection","A042","0",3
"Intestinal infection","A043","0",3
"Intestinal infection","A044","0",3
"Intestinal infection","A045","0",3
"Intestinal infection","A046","0",3
"Intestinal infection","A047","0",3
"Intestinal infection","A0471","0",3
"Intestinal infection","A0472","0",3
"Intestinal infection","A048","0",3
"Intestinal infection","A049","0",3
"Intestinal infection","A060","0",3
"Intestinal infection","A061","0",3
"Intestinal infection","A062","0",3
"Intestinal infection","A063","0",3
"Intestinal infection","A064","0",3
"Intestinal infection","A069","0",3
"Intestinal infection","A070","0",3
"Intestinal infection","A071","0",3
"Intestinal infection","A072","0",3
"Intestinal infection","A073","0",3
"Intestinal infection","A074","0",3
"Intestinal infection","A078","0",3
"Intestinal infection","A079","0",3
"Intestinal infection","A080","0",3
"Intestinal infection","A0811","0",3
"Intestinal infection","A0819","0",3
"Intestinal infection","A082","0",3
"Intestinal infection","A0831","0",3
"Intestinal infection","A0832","0",3
"Intestinal infection","A0839","0",3
"Intestinal infection","A084","0",3
"Intestinal infection","A088","0",3
"Intestinal infection","A09","0",3
"URI (other)","A155","0",6
"UTI","A1810","0",2
"UTI","A1813","0",2
"Intestinal infection","A1832","0",3
"Bacterial infection (other)","A200","0",10
"SSTI","A201","0",7
"Pneumonia","A202","0",1
"Bacterial infection (other)","A203","0",10
"Bacterial infection (other)","A207","0",10
"Bacterial infection (other)","A208","0",10
"Bacterial infection (other)","A209","0",10
"SSTI","A210","0",7
"Bacterial infection (other)","A211","0",10
"Pneumonia","A212","0",1
"Intestinal infection","A213","0",3
"Bacterial infection (other)","A217","0",10
"Bacterial infection (other)","A218","0",10
"Bacterial infection (other)","A219","0",10
"SSTI","A220","0",7
"Pneumonia","A221","0",1
"Intestinal infection","A222","0",3
"Bacterial infection (other)","A227","0",10
"Bacterial infection (other)","A228","0",10
"Bacterial infection (other)","A229","0",10
"Bacterial infection (other)","A230","0",10
"Bacterial infection (other)","A231","0",10
"Bacterial infection (other)","A232","0",10
"Bacterial infection (other)","A233","0",10
"Bacterial infection (other)","A238","0",10
"Bacterial infection (other)","A239","0",10
"Bacterial infection (other)","A240","0",10
"Bacterial infection (other)","A241","0",10
"Bacterial infection (other)","A242","0",10
"Bacterial infection (other)","A243","0",10
"Bacterial infection (other)","A249","0",10
"Bacterial infection (other)","A250","0",10
"Bacterial infection (other)","A251","0",10
"Bacterial infection (other)","A259","0",10
"Bacterial infection (other)","A260","0",10
"Bacterial infection (other)","A267","0",10
"Bacterial infection (other)","A268","0",10
"Bacterial infection (other)","A269","0",10
"Bacterial infection (other)","A270","0",10
"Bacterial infection (other)","A2781","0",10
"Bacterial infection (other)","A2789","0",10
"Bacterial infection (other)","A279","0",10
"Bacterial infection (other)","A280","0",10
"Bacterial infection (other)","A281","0",10
"Bacterial infection (other)","A282","0",10
"Bacterial infection (other)","A288","0",10
"Bacterial infection (other)","A289","0",10
"Bacterial infection (other)","A300","0",10
"Bacterial infection (other)","A301","0",10
"Bacterial infection (other)","A302","0",10
"Bacterial infection (other)","A303","0",10
"Bacterial infection (other)","A304","0",10
"Bacterial infection (other)","A305","0",10
"Bacterial infection (other)","A308","0",10
"Bacterial infection (other)","A309","0",10
"Pneumonia","A310","0",1
"SSTI","A311","0",7
"Bacterial infection (other)","A312","0",10
"Bacterial infection (other)","A318","0",10
"Bacterial infection (other)","A319","0",10
"Bacterial infection (other)","A320","0",10
"Bacterial infection (other)","A3211","0",10
"Bacterial infection (other)","A3212","0",10
"Bacterial infection (other)","A327","0",10
"Bacterial infection (other)","A3281","0",10
"Bacterial infection (other)","A3282","0",10
"Bacterial infection (other)","A3289","0",10
"Bacterial infection (other)","A329","0",10
"Bacterial infection (other)","A33","0",10
"Bacterial infection (other)","A34","0",10
"Bacterial infection (other)","A35","0",10
"URI (other)","A360","0",6
"URI (other)","A361","0",6
"URI (other)","A362","0",6
"SSTI","A363","0",7
"Bacterial infection (other)","A3681","0",10
"Bacterial infection (other)","A3682","0",10
"Bacterial infection (other)","A3683","0",10
"Bacterial infection (other)","A3684","0",10
"UTI","A3685","0",2
"Bacterial infection (other)","A3686","0",10
"Bacterial infection (other)","A3689","0",10
"Bacterial infection (other)","A369","0",10
"Bacterial infection (other)","A3700","0",10
"Pneumonia","A3701","0",1
"Bacterial infection (other)","A3710","0",10
"Pneumonia","A3711","0",1
"Bacterial infection (other)","A3780","0",10
"Pneumonia","A3781","0",1
"Bacterial infection (other)","A3790","0",10
"Pneumonia","A3791","0",1
"Otitis media","A380","0",8
"Bacterial infection (other)","A381","0",10
"Bacterial infection (other)","A388","0",10
"Bacterial infection (other)","A389","0",10
"Bacterial infection (other)","A390","0",10
"Bacterial infection (other)","A391","0",10
"Bacterial infection (other)","A392","0",10
"Bacterial infection (other)","A393","0",10
"Bacterial infection (other)","A394","0",10
"Bacterial infection (other)","A3950","0",10
"Bacterial infection (other)","A3951","0",10
"Bacterial infection (other)","A3952","0",10
"Bacterial infection (other)","A3953","0",10
"Bacterial infection (other)","A3981","0",10
"Bacterial infection (other)","A3982","0",10
"Bacterial infection (other)","A3983","0",10
"Bacterial infection (other)","A3984","0",10
"Bacterial infection (other)","A3989","0",10
"Bacterial infection (other)","A399","0",10
"Bacterial infection (other)","A400","0",10
"Bacterial infection (other)","A401","0",10
"Bacterial infection (other)","A403","0",10
"Bacterial infection (other)","A408","0",10
"Bacterial infection (other)","A409","0",10
"Bacterial infection (other)","A4101","0",10
"Bacterial infection (other)","A4102","0",10
"Bacterial infection (other)","A411","0",10
"Bacterial infection (other)","A412","0",10
"Bacterial infection (other)","A413","0",10
"Bacterial infection (other)","A414","0",10
"Bacterial infection (other)","A4150","0",10
"Bacterial infection (other)","A4151","0",10
"Bacterial infection (other)","A4152","0",10
"Bacterial infection (other)","A4153","0",10
"Bacterial infection (other)","A4159","0",10
"Bacterial infection (other)","A4181","0",10
"Bacterial infection (other)","A4189","0",10
"Bacterial infection (other)","A419","0",10
"Bacterial infection (other)","A420","0",10
"Bacterial infection (other)","A421","0",10
"Bacterial infection (other)","A422","0",10
"Bacterial infection (other)","A427","0",10
"Bacterial infection (other)","A4281","0",10
"Bacterial infection (other)","A4282","0",10
"Bacterial infection (other)","A4289","0",10
"Bacterial infection (other)","A429","0",10
"Pneumonia","A430","0",1
"SSTI","A431","0",7
"Bacterial infection (other)","A438","0",10
"Bacterial infection (other)","A439","0",10
"Bacterial infection (other)","A440","0",10
"Bacterial infection (other)","A441","0",10
"Bacterial infection (other)","A448","0",10
"Bacterial infection (other)","A449","0",10
"SSTI","A46","0",7
"Bacterial infection (other)","A480","0",10
"Pneumonia","A481","0",1
"Bacterial infection (other)","A482","0",10
"Bacterial infection (other)","A483","0",10
"Bacterial infection (other)","A484","0",10
"Bacterial infection (other)","A4852","0",10
"Bacterial infection (other)","A488","0",10
"Bacterial infection (other)","A4901","0",10
"Bacterial infection (other)","A4902","0",10
"Bacterial infection (other)","A491","0",10
"Bacterial infection (other)","A492","0",10
"Bacterial infection (other)","A493","0",10
"Bacterial infection (other)","A498","0",10
"Bacterial infection (other)","A499","0",10
"URI (other)","A5003","0",6
"Pneumonia","A5004","0",1
"SSTI","A5139","0",7
"Pneumonia","A5272","0",1
"URI (other)","A5273","0",6
"UTI","A5275","0",2
"UTI","A5401","0",2
"URI (other)","A545","0",6
"Pneumonia","A5484","0",1
"UTI","A5601","0",2
"URI (other)","A564","0",6
"UTI","A5903","0",2
"Viral infection","A6000","0",14
"Viral infection","A6001","0",14
"Viral infection","A6002","0",14
"Viral infection","A6003","0",14
"Viral infection","A6004","0",14
"Viral infection","A6009","0",14
"Viral infection","A601","0",14
"Viral infection","A609","0",14
"Viral infection","A630","0",14
"Bacterial infection (other)","A70","0",10
"Bacterial infection (other)","A710","0",10
"Bacterial infection (other)","A711","0",10
"Bacterial infection (other)","A719","0",10
"Bacterial infection (other)","A740","0",10
"Bacterial infection (other)","A7481","0",10
"Bacterial infection (other)","A7489","0",10
"Bacterial infection (other)","A749","0",10
"Bacterial infection (other)","A78","0",10
"Viral infection","A800","0",14
"Viral infection","A801","0",14
"Viral infection","A802","0",14
"Viral infection","A8030","0",14
"Viral infection","A8039","0",14
"Viral infection","A804","0",14
"Viral infection","A809","0",14
"Viral infection","A8100","0",14
"Viral infection","A8101","0",14
"Viral infection","A8109","0",14
"Viral infection","A811","0",14
"Viral infection","A812","0",14
"Viral infection","A8181","0",14
"Viral infection","A8182","0",14
"Viral infection","A8183","0",14
"Viral infection","A8189","0",14
"Viral infection","A819","0",14
"Viral infection","A820","0",14
"Viral infection","A821","0",14
"Viral infection","A829","0",14
"Viral infection","A830","0",14
"Viral infection","A831","0",14
"Viral infection","A832","0",14
"Viral infection","A833","0",14
"Viral infection","A834","0",14
"Viral infection","A835","0",14
"Viral infection","A836","0",14
"Viral infection","A838","0",14
"Viral infection","A839","0",14
"Viral infection","A840","0",14
"Viral infection","A841","0",14
"Viral infection","A848","0",14
"Viral infection","A8481","0",14
"Viral infection","A8489","0",14
"Viral infection","A849","0",14
"Viral infection","A850","0",14
"Viral infection","A851","0",14
"Viral infection","A852","0",14
"Viral infection","A858","0",14
"Viral infection","A86","0",14
"Viral infection","A870","0",14
"Viral infection","A871","0",14
"Viral infection","A872","0",14
"Viral infection","A878","0",14
"Viral infection","A879","0",14
"Viral infection","A880","0",14
"Viral infection","A881","0",14
"Viral infection","A888","0",14
"Viral infection","A89","0",14
"Viral infection","A90","0",14
"Viral infection","A91","0",14
"Viral infection","A920","0",14
"Viral infection","A921","0",14
"Viral infection","A922","0",14
"Viral infection","A9230","0",14
"Viral infection","A9231","0",14
"Viral infection","A9232","0",14
"Viral infection","A9239","0",14
"Viral infection","A924","0",14
"Viral infection","A925","0",14
"Viral infection","A928","0",14
"Viral infection","A929","0",14
"Viral infection","A930","0",14
"Viral infection","A931","0",14
"Viral infection","A932","0",14
"Viral infection","A938","0",14
"Viral infection","A94","0",14
"Viral infection","A950","0",14
"Viral infection","A951","0",14
"Viral infection","A959","0",14
"Viral infection","A960","0",14
"Viral infection","A961","0",14
"Viral infection","A962","0",14
"Viral infection","A968","0",14
"Viral infection","A969","0",14
"Viral infection","A980","0",14
"Viral infection","A981","0",14
"Viral infection","A982","0",14
"Viral infection","A983","0",14
"Viral infection","A984","0",14
"Viral infection","A985","0",14
"Viral infection","A988","0",14
"Viral infection","A99","0",14
"Viral infection","B000","0",14
"Viral infection","B001","0",14
"URI (other)","B002","0",6
"Viral infection","B003","0",14
"Viral infection","B004","0",14
"Viral infection","B0050","0",14
"Viral infection","B0051","0",14
"Viral infection","B0052","0",14
"Viral infection","B0053","0",14
"Viral infection","B0059","0",14
"Viral infection","B007","0",14
"Viral infection","B0081","0",14
"Viral infection","B0082","0",14
"Viral infection","B0089","0",14
"Viral infection","B009","0",14
"Viral infection","B010","0",14
"Viral infection","B0111","0",14
"Viral infection","B0112","0",14
"Pneumonia","B012","0",1
"Viral infection","B0181","0",14
"Viral infection","B0189","0",14
"Viral infection","B019","0",14
"Viral infection","B020","0",14
"Viral infection","B021","0",14
"Viral infection","B0221","0",14
"Viral infection","B0222","0",14
"Viral infection","B0223","0",14
"Viral infection","B0224","0",14
"Viral infection","B0229","0",14
"Viral infection","B0230","0",14
"Viral infection","B0231","0",14
"Viral infection","B0232","0",14
"Viral infection","B0233","0",14
"Viral infection","B0234","0",14
"Viral infection","B0239","0",14
"Viral infection","B027","0",14
"Viral infection","B028","0",14
"Viral infection","B029","0",14
"Viral infection","B03","0",14
"Viral infection","B04","0",14
"Viral infection","B050","0",14
"Viral infection","B051","0",14
"Pneumonia","B052","0",1
"Otitis media","B053","0",8
"Viral infection","B054","0",14
"Viral infection","B0581","0",14
"Viral infection","B0589","0",14
"Viral infection","B059","0",14
"Viral infection","B0600","0",14
"Viral infection","B0601","0",14
"Viral infection","B0602","0",14
"Viral infection","B0609","0",14
"Pneumonia","B0681","0",1
"Viral infection","B0682","0",14
"Viral infection","B0689","0",14
"Viral infection","B069","0",14
"Viral infection","B070","0",14
"Viral infection","B078","0",14
"Viral infection","B079","0",14
"Viral infection","B08010","0",14
"Viral infection","B08011","0",14
"Viral infection","B0802","0",14
"Viral infection","B0803","0",14
"Viral infection","B0804","0",14
"Viral infection","B0809","0",14
"Viral infection","B081","0",14
"Viral infection","B0820","0",14
"Viral infection","B0821","0",14
"Viral infection","B0822","0",14
"Viral infection","B083","0",14
"Viral infection","B084","0",14
"URI (other)","B085","0",6
"Viral infection","B0860","0",14
"Viral infection","B0861","0",14
"Viral infection","B0862","0",14
"Viral infection","B0869","0",14
"Viral infection","B0870","0",14
"Viral infection","B0871","0",14
"Viral infection","B0872","0",14
"Viral infection","B0879","0",14
"Viral infection","B088","0",14
"Viral infection","B09","0",14
"Viral infection","B1001","0",14
"Viral infection","B1009","0",14
"Viral infection","B1081","0",14
"Viral infection","B1082","0",14
"Viral infection","B1089","0",14
"Viral infection","B150","0",14
"Viral infection","B159","0",14
"Viral infection","B160","0",14
"Viral infection","B161","0",14
"Viral infection","B162","0",14
"Viral infection","B169","0",14
"Viral infection","B170","0",14
"Viral infection","B1710","0",14
"Viral infection","B1711","0",14
"Viral infection","B172","0",14
"Viral infection","B178","0",14
"Viral infection","B179","0",14
"Viral infection","B180","0",14
"Viral infection","B181","0",14
"Viral infection","B182","0",14
"Viral infection","B188","0",14
"Viral infection","B189","0",14
"Viral infection","B190","0",14
"Viral infection","B1910","0",14
"Viral infection","B1911","0",14
"Viral infection","B1920","0",14
"Viral infection","B1921","0",14
"Viral infection","B199","0",14
"Pneumonia","B250","0",1
"Viral infection","B251","0",14
"Viral infection","B252","0",14
"Viral infection","B258","0",14
"Viral infection","B259","0",14
"Viral infection","B260","0",14
"Viral infection","B261","0",14
"Viral infection","B262","0",14
"Viral infection","B263","0",14
"Viral infection","B2681","0",14
"Viral infection","B2682","0",14
"Viral infection","B2683","0",14
"Viral infection","B2684","0",14
"Viral infection","B2685","0",14
"Viral infection","B2689","0",14
"Viral infection","B269","0",14
"Viral infection","B2700","0",14
"Viral infection","B2701","0",14
"Viral infection","B2702","0",14
"Viral infection","B2709","0",14
"Viral infection","B2710","0",14
"Viral infection","B2711","0",14
"Viral infection","B2712","0",14
"Viral infection","B2719","0",14
"Viral infection","B2780","0",14
"Viral infection","B2781","0",14
"Viral infection","B2782","0",14
"Viral infection","B2789","0",14
"Viral infection","B2790","0",14
"Viral infection","B2791","0",14
"Viral infection","B2792","0",14
"Viral infection","B2799","0",14
"Viral infection","B300","0",14
"Viral infection","B301","0",14
"Viral infection","B302","0",14
"Viral infection","B303","0",14
"Viral infection","B308","0",14
"Viral infection","B309","0",14
"Viral infection","B330","0",14
"Viral infection","B331","0",14
"Viral infection","B3320","0",14
"Viral infection","B3321","0",14
"Viral infection","B3322","0",14
"Viral infection","B3323","0",14
"Viral infection","B3324","0",14
"Viral infection","B333","0",14
"Viral infection","B334","0",14
"Viral infection","B338","0",14
"Viral infection","B340","0",14
"Viral infection","B341","0",14
"Viral infection","B342","0",14
"Viral infection","B343","0",14
"Viral infection","B344","0",14
"Viral infection","B348","0",14
"Viral infection","B349","0",14
"Pneumonia","B371","0",1
"UTI","B3741","0",2
"UTI","B3749","0",2
"Intestinal infection","B3782","0",3
"Pneumonia","B380","0",1
"Pneumonia","B381","0",1
"Pneumonia","B382","0",1
"Pneumonia","B390","0",1
"Pneumonia","B391","0",1
"Pneumonia","B392","0",1
"Pneumonia","B583","0",1
"Pneumonia","B59","0",1
"Pneumonia","B7781","0",1
"Bacterial infection (other)","B950","0",10
"Bacterial infection (other)","B951","0",10
"Bacterial infection (other)","B952","0",10
"Bacterial infection (other)","B953","0",10
"Bacterial infection (other)","B954","0",10
"Bacterial infection (other)","B955","0",10
"Bacterial infection (other)","B9561","0",10
"Bacterial infection (other)","B9562","0",10
"Bacterial infection (other)","B957","0",10
"Bacterial infection (other)","B958","0",10
"Bacterial infection (other)","B960","0",10
"Bacterial infection (other)","B961","0",10
"Bacterial infection (other)","B9620","0",10
"Bacterial infection (other)","B9621","0",10
"Bacterial infection (other)","B9622","0",10
"Bacterial infection (other)","B9623","0",10
"Bacterial infection (other)","B9629","0",10
"Bacterial infection (other)","B963","0",10
"Bacterial infection (other)","B964","0",10
"Bacterial infection (other)","B965","0",10
"Bacterial infection (other)","B966","0",10
"Bacterial infection (other)","B967","0",10
"Bacterial infection (other)","B9681","0",10
"Bacterial infection (other)","B9682","0",10
"Bacterial infection (other)","B9689","0",10
"Viral infection","B970","0",14
"Viral infection","B9710","0",14
"Viral infection","B9711","0",14
"Viral infection","B9712","0",14
"Viral infection","B9719","0",14
"Viral infection","B9721","0",14
"Viral infection","B9729","0",14
"Viral infection","B9730","0",14
"Viral infection","B9731","0",14
"Viral infection","B9732","0",14
"Viral infection","B9733","0",14
"Viral infection","B9734","0",14
"Viral infection","B9739","0",14
"Viral infection","B974","0",14
"Viral infection","B975","0",14
"Viral infection","B976","0",14
"Viral infection","B977","0",14
"Viral infection","B9781","0",14
"Viral infection","B9789","0",14
"Bacterial infection (other)","G000","0",10
"Bacterial infection (other)","G001","0",10
"Bacterial infection (other)","G002","0",10
"Bacterial infection (other)","G003","0",10
"Bacterial infection (other)","G008","0",10
"Bacterial infection (other)","G009","0",10
"Bacterial infection (other)","G01","0",10
"Bacterial infection (other)","G042","0",10
"SSTI","H05011","0",7
"SSTI","H05012","0",7
"SSTI","H05013","0",7
"SSTI","H05019","0",7
"Otitis media","H6500","0",8
"Otitis media","H6501","0",8
"Otitis media","H6502","0",8
"Otitis media","H6503","0",8
"Otitis media","H6504","0",8
"Otitis media","H6505","0",8
"Otitis media","H6506","0",8
"Otitis media","H6507","0",8
"Otitis media","H65111","0",8
"Otitis media","H65112","0",8
"Otitis media","H65113","0",8
"Otitis media","H65114","0",8
"Otitis media","H65115","0",8
"Otitis media","H65116","0",8
"Otitis media","H65117","0",8
"Otitis media","H65119","0",8
"Otitis media","H65191","0",8
"Otitis media","H65192","0",8
"Otitis media","H65193","0",8
"Otitis media","H65194","0",8
"Otitis media","H65195","0",8
"Otitis media","H65196","0",8
"Otitis media","H65197","0",8
"Otitis media","H65199","0",8
"Otitis media","H6520","0",8
"Otitis media","H6521","0",8
"Otitis media","H6522","0",8
"Otitis media","H6523","0",8
"Otitis media","H6530","0",8
"Otitis media","H6531","0",8
"Otitis media","H6532","0",8
"Otitis media","H6533","0",8
"Otitis media","H65411","0",8
"Otitis media","H65412","0",8
"Otitis media","H65413","0",8
"Otitis media","H65419","0",8
"Otitis media","H65491","0",8
"Otitis media","H65492","0",8
"Otitis media","H65493","0",8
"Otitis media","H65499","0",8
"Otitis media","H6590","0",8
"Otitis media","H6591","0",8
"Otitis media","H6592","0",8
"Otitis media","H6593","0",8
"Otitis media","H66001","0",8
"Otitis media","H66002","0",8
"Otitis media","H66003","0",8
"Otitis media","H66004","0",8
"Otitis media","H66005","0",8
"Otitis media","H66006","0",8
"Otitis media","H66007","0",8
"Otitis media","H66009","0",8
"Otitis media","H66011","0",8
"Otitis media","H66012","0",8
"Otitis media","H66013","0",8
"Otitis media","H66014","0",8
"Otitis media","H66015","0",8
"Otitis media","H66016","0",8
"Otitis media","H66017","0",8
"Otitis media","H66019","0",8
"Otitis media","H6610","0",8
"Otitis media","H6611","0",8
"Otitis media","H6612","0",8
"Otitis media","H6613","0",8
"Otitis media","H6620","0",8
"Otitis media","H6621","0",8
"Otitis media","H6622","0",8
"Otitis media","H6623","0",8
"Otitis media","H663X1","0",8
"Otitis media","H663X2","0",8
"Otitis media","H663X3","0",8
"Otitis media","H663X9","0",8
"Otitis media","H6640","0",8
"Otitis media","H6641","0",8
"Otitis media","H6642","0",8
"Otitis media","H6643","0",8
"Otitis media","H6690","0",8
"Otitis media","H6691","0",8
"Otitis media","H6692","0",8
"Otitis media","H6693","0",8
"Otitis media","H671","0",8
"Otitis media","H672","0",8
"Otitis media","H673","0",8
"Otitis media","H679","0",8
"Bacterial infection (other)","I00","0",10
"Bacterial infection (other)","I029","0",10
"Essential hypertension","I10","0",15
"URI (other)","J00","0",6
"Sinusitis","J0100","0",5
"Sinusitis","J0101","0",5
"Sinusitis","J0110","0",5
"Sinusitis","J0111","0",5
"Sinusitis","J0120","0",5
"Sinusitis","J0121","0",5
"Sinusitis","J0130","0",5
"Sinusitis","J0131","0",5
"Sinusitis","J0140","0",5
"Sinusitis","J0141","0",5
"Sinusitis","J0180","0",5
"Sinusitis","J0181","0",5
"Sinusitis","J0190","0",5
"Sinusitis","J0191","0",5
"Strep pharyngitis","J020","0",4
"URI (other)","J028","0",6
"URI (other)","J029","0",6
"Bacterial infection (other)","J0300","0",10
"Bacterial infection (other)","J0301","0",10
"Tonsillitis","J0380","0",11
"Tonsillitis","J0381","0",11
"Tonsillitis","J0390","0",11
"Tonsillitis","J0391","0",11
"URI (other)","J040","0",6
"URI (other)","J0410","0",6
"URI (other)","J0411","0",6
"URI (other)","J042","0",6
"URI (other)","J0430","0",6
"URI (other)","J0431","0",6
"URI (other)","J050","0",6
"URI (other)","J0510","0",6
"URI (other)","J0511","0",6
"URI (other)","J060","0",6
"URI (other)","J069","0",6
"Pneumonia","J09X1","0",1
"Influenza","J09X2","0",13
"Influenza","J09X3","0",13
"Influenza","J09X9","0",13
"Pneumonia","J1000","0",1
"Pneumonia","J1001","0",1
"Pneumonia","J1008","0",1
"Influenza","J101","0",13
"Influenza","J102","0",13
"Influenza","J1081","0",13
"Influenza","J1082","0",13
"Otitis media","J1083","0",8
"Influenza","J1089","0",13
"Pneumonia","J1100","0",1
"Pneumonia","J1108","0",1
"Influenza","J111","0",13
"Influenza","J112","0",13
"Influenza","J1181","0",13
"Influenza","J1182","0",13
"Otitis media","J1183","0",8
"Influenza","J1189","0",13
"Pneumonia","J120","0",1
"Pneumonia","J121","0",1
"Pneumonia","J122","0",1
"Pneumonia","J123","0",1
"Pneumonia","J1281","0",1
"Pneumonia","J1289","0",1
"Pneumonia","J129","0",1
"Pneumonia","J13","0",1
"Pneumonia","J14","0",1
"Pneumonia","J150","0",1
"Pneumonia","J151","0",1
"Pneumonia","J1520","0",1
"Pneumonia","J15211","0",1
"Pneumonia","J15212","0",1
"Pneumonia","J1529","0",1
"Pneumonia","J153","0",1
"Pneumonia","J154","0",1
"Pneumonia","J155","0",1
"Pneumonia","J156","0",1
"Pneumonia","J157","0",1
"Pneumonia","J158","0",1
"Pneumonia","J159","0",1
"Pneumonia","J160","0",1
"Pneumonia","J168","0",1
"Pneumonia","J17","0",1
"Pneumonia","J180","0",1
"Pneumonia","J181","0",1
"Pneumonia","J188","0",1
"Pneumonia","J189","0",1
"Bacterial infection (other)","J200","0",10
"Bacterial infection (other)","J201","0",10
"Bacterial infection (other)","J202","0",10
"Bronchitis (acute)","J203","0",12
"Bronchitis (acute)","J204","0",12
"Bronchitis (acute)","J205","0",12
"Bronchitis (acute)","J206","0",12
"Bronchitis (acute)","J207","0",12
"Bronchitis (acute)","J208","0",12
"Bronchitis (acute)","J209","0",12
"Bronchitis (acute)","J210","0",12
"Bronchitis (acute)","J211","0",12
"Bronchitis (acute)","J218","0",12
"Bronchitis (acute)","J219","0",12
"Sinusitis","J320","0",5
"Sinusitis","J321","0",5
"Sinusitis","J322","0",5
"Sinusitis","J323","0",5
"Sinusitis","J324","0",5
"Sinusitis","J328","0",5
"Sinusitis","J329","0",5
"Tonsillitis","J3501","0",11
"Tonsillitis","J3502","0",11
"Tonsillitis","J3503","0",11
"Tonsillitis","J351","0",11
"Tonsillitis","J352","0",11
"Tonsillitis","J353","0",11
"Tonsillitis","J358","0",11
"Tonsillitis","J359","0",11
"Tonsillitis","J36","0",11
"URI (other)","J390","0",6
"URI (other)","J391","0",6
"Bronchitis (acute)","J40","0",12
"Asthma","J4520","0",9
"Asthma","J4521","0",9
"Asthma","J4522","0",9
"Asthma","J4530","0",9
"Asthma","J4531","0",9
"Asthma","J4532","0",9
"Asthma","J4540","0",9
"Asthma","J4541","0",9
"Asthma","J4542","0",9
"Asthma","J4550","0",9
"Asthma","J4551","0",9
"Asthma","J4552","0",9
"Asthma","J45901","0",9
"Asthma","J45902","0",9
"Asthma","J45909","0",9
"Asthma","J45990","0",9
"Asthma","J45991","0",9
"Asthma","J45998","0",9
"Pneumonia","J851","0",1
"Pneumonia","J95851","0",1
"Bacterial infection (other)","K652","0",10
"SSTI","L00","0",7
"SSTI","L0100","0",7
"SSTI","L0101","0",7
"SSTI","L0102","0",7
"SSTI","L0103","0",7
"SSTI","L0109","0",7
"SSTI","L011","0",7
"SSTI","L0201","0",7
"SSTI","L0202","0",7
"SSTI","L0203","0",7
"SSTI","L0211","0",7
"SSTI","L0212","0",7
"SSTI","L0213","0",7
"SSTI","L02211","0",7
"SSTI","L02212","0",7
"SSTI","L02213","0",7
"SSTI","L02214","0",7
"SSTI","L02215","0",7
"SSTI","L02216","0",7
"SSTI","L02219","0",7
"SSTI","L02221","0",7
"SSTI","L02222","0",7
"SSTI","L02223","0",7
"SSTI","L02224","0",7
"SSTI","L02225","0",7
"SSTI","L02226","0",7
"SSTI","L02229","0",7
"SSTI","L02231","0",7
"SSTI","L02232","0",7
"SSTI","L02233","0",7
"SSTI","L02234","0",7
"SSTI","L02235","0",7
"SSTI","L02236","0",7
"SSTI","L02239","0",7
"SSTI","L0231","0",7
"SSTI","L0232","0",7
"SSTI","L0233","0",7
"SSTI","L02411","0",7
"SSTI","L02412","0",7
"SSTI","L02413","0",7
"SSTI","L02414","0",7
"SSTI","L02415","0",7
"SSTI","L02416","0",7
"SSTI","L02419","0",7
"SSTI","L02421","0",7
"SSTI","L02422","0",7
"SSTI","L02423","0",7
"SSTI","L02424","0",7
"SSTI","L02425","0",7
"SSTI","L02426","0",7
"SSTI","L02429","0",7
"SSTI","L02431","0",7
"SSTI","L02432","0",7
"SSTI","L02433","0",7
"SSTI","L02434","0",7
"SSTI","L02435","0",7
"SSTI","L02436","0",7
"SSTI","L02439","0",7
"SSTI","L02511","0",7
"SSTI","L02512","0",7
"SSTI","L02519","0",7
"SSTI","L02521","0",7
"SSTI","L02522","0",7
"SSTI","L02529","0",7
"SSTI","L02531","0",7
"SSTI","L02532","0",7
"SSTI","L02539","0",7
"SSTI","L02611","0",7
"SSTI","L02612","0",7
"SSTI","L02619","0",7
"SSTI","L02621","0",7
"SSTI","L02622","0",7
"SSTI","L02629","0",7
"SSTI","L02631","0",7
"SSTI","L02632","0",7
"SSTI","L02639","0",7
"SSTI","L02811","0",7
"SSTI","L02818","0",7
"SSTI","L02821","0",7
"SSTI","L02828","0",7
"SSTI","L02831","0",7
"SSTI","L02838","0",7
"SSTI","L0291","0",7
"SSTI","L0292","0",7
"SSTI","L0293","0",7
"SSTI","L03011","0",7
"SSTI","L03012","0",7
"SSTI","L03019","0",7
"SSTI","L03021","0",7
"SSTI","L03022","0",7
"SSTI","L03029","0",7
"SSTI","L03031","0",7
"SSTI","L03032","0",7
"SSTI","L03039","0",7
"SSTI","L03041","0",7
"SSTI","L03042","0",7
"SSTI","L03049","0",7
"SSTI","L03111","0",7
"SSTI","L03112","0",7
"SSTI","L03113","0",7
"SSTI","L03114","0",7
"SSTI","L03115","0",7
"SSTI","L03116","0",7
"SSTI","L03119","0",7
"SSTI","L03121","0",7
"SSTI","L03122","0",7
"SSTI","L03123","0",7
"SSTI","L03124","0",7
"SSTI","L03125","0",7
"SSTI","L03126","0",7
"SSTI","L03129","0",7
"SSTI","L03211","0",7
"SSTI","L03212","0",7
"SSTI","L03213","0",7
"SSTI","L03221","0",7
"SSTI","L03222","0",7
"SSTI","L03311","0",7
"SSTI","L03312","0",7
"SSTI","L03313","0",7
"SSTI","L03314","0",7
"SSTI","L03315","0",7
"SSTI","L03316","0",7
"SSTI","L03317","0",7
"SSTI","L03319","0",7
"SSTI","L03321","0",7
"SSTI","L03322","0",7
"SSTI","L03323","0",7
"SSTI","L03324","0",7
"SSTI","L03325","0",7
"SSTI","L03326","0",7
"SSTI","L03327","0",7
"SSTI","L03329","0",7
"SSTI","L03811","0",7
"SSTI","L03818","0",7
"SSTI","L03891","0",7
"SSTI","L03898","0",7
"SSTI","L0390","0",7
"SSTI","L0391","0",7
"SSTI","L040","0",7
"SSTI","L041","0",7
"SSTI","L042","0",7
"SSTI","L043","0",7
"SSTI","L048","0",7
"SSTI","L049","0",7
"SSTI","L0501","0",7
"SSTI","L0502","0",7
"SSTI","L0591","0",7
"SSTI","L0592","0",7
"SSTI","L080","0",7
"SSTI","L081","0",7
"SSTI","L0881","0",7
"SSTI","L0882","0",7
"SSTI","L0889","0",7
"SSTI","L089","0",7
"SSTI","L303","0",7
"Bacterial infection (other)","M0000","0",10
"Bacterial infection (other)","M00011","0",10
"Bacterial infection (other)","M00012","0",10
"Bacterial infection (other)","M00019","0",10
"Bacterial infection (other)","M00021","0",10
"Bacterial infection (other)","M00022","0",10
"Bacterial infection (other)","M00029","0",10
"Bacterial infection (other)","M00031","0",10
"Bacterial infection (other)","M00032","0",10
"Bacterial infection (other)","M00039","0",10
"Bacterial infection (other)","M00041","0",10
"Bacterial infection (other)","M00042","0",10
"Bacterial infection (other)","M00049","0",10
"Bacterial infection (other)","M00051","0",10
"Bacterial infection (other)","M00052","0",10
"Bacterial infection (other)","M00059","0",10
"Bacterial infection (other)","M00061","0",10
"Bacterial infection (other)","M00062","0",10
"Bacterial infection (other)","M00069","0",10
"Bacterial infection (other)","M00071","0",10
"Bacterial infection (other)","M00072","0",10
"Bacterial infection (other)","M00079","0",10
"Bacterial infection (other)","M0008","0",10
"Bacterial infection (other)","M0009","0",10
"Bacterial infection (other)","M0010","0",10
"Bacterial infection (other)","M00111","0",10
"Bacterial infection (other)","M00112","0",10
"Bacterial infection (other)","M00119","0",10
"Bacterial infection (other)","M00121","0",10
"Bacterial infection (other)","M00122","0",10
"Bacterial infection (other)","M00129","0",10
"Bacterial infection (other)","M00131","0",10
"Bacterial infection (other)","M00132","0",10
"Bacterial infection (other)","M00139","0",10
"Bacterial infection (other)","M00141","0",10
"Bacterial infection (other)","M00142","0",10
"Bacterial infection (other)","M00149","0",10
"Bacterial infection (other)","M00151","0",10
"Bacterial infection (other)","M00152","0",10
"Bacterial infection (other)","M00159","0",10
"Bacterial infection (other)","M00161","0",10
"Bacterial infection (other)","M00162","0",10
"Bacterial infection (other)","M00169","0",10
"Bacterial infection (other)","M00171","0",10
"Bacterial infection (other)","M00172","0",10
"Bacterial infection (other)","M00179","0",10
"Bacterial infection (other)","M0018","0",10
"Bacterial infection (other)","M0019","0",10
"Bacterial infection (other)","M0020","0",10
"Bacterial infection (other)","M00211","0",10
"Bacterial infection (other)","M00212","0",10
"Bacterial infection (other)","M00219","0",10
"Bacterial infection (other)","M00221","0",10
"Bacterial infection (other)","M00222","0",10
"Bacterial infection (other)","M00229","0",10
"Bacterial infection (other)","M00231","0",10
"Bacterial infection (other)","M00232","0",10
"Bacterial infection (other)","M00239","0",10
"Bacterial infection (other)","M00241","0",10
"Bacterial infection (other)","M00242","0",10
"Bacterial infection (other)","M00249","0",10
"Bacterial infection (other)","M00251","0",10
"Bacterial infection (other)","M00252","0",10
"Bacterial infection (other)","M00259","0",10
"Bacterial infection (other)","M00261","0",10
"Bacterial infection (other)","M00262","0",10
"Bacterial infection (other)","M00269","0",10
"Bacterial infection (other)","M00271","0",10
"Bacterial infection (other)","M00272","0",10
"Bacterial infection (other)","M00279","0",10
"Bacterial infection (other)","M0028","0",10
"Bacterial infection (other)","M0029","0",10
"Bacterial infection (other)","M0080","0",10
"Bacterial infection (other)","M00811","0",10
"Bacterial infection (other)","M00812","0",10
"Bacterial infection (other)","M00819","0",10
"Bacterial infection (other)","M00821","0",10
"Bacterial infection (other)","M00822","0",10
"Bacterial infection (other)","M00829","0",10
"Bacterial infection (other)","M00831","0",10
"Bacterial infection (other)","M00832","0",10
"Bacterial infection (other)","M00839","0",10
"Bacterial infection (other)","M00841","0",10
"Bacterial infection (other)","M00842","0",10
"Bacterial infection (other)","M00849","0",10
"Bacterial infection (other)","M00851","0",10
"Bacterial infection (other)","M00852","0",10
"Bacterial infection (other)","M00859","0",10
"Bacterial infection (other)","M00861","0",10
"Bacterial infection (other)","M00862","0",10
"Bacterial infection (other)","M00869","0",10
"Bacterial infection (other)","M00871","0",10
"Bacterial infection (other)","M00872","0",10
"Bacterial infection (other)","M00879","0",10
"Bacterial infection (other)","M0088","0",10
"Bacterial infection (other)","M0089","0",10
"Bacterial infection (other)","M009","0",10
"UTI","N10","0",2
"UTI","N110","0",2
"UTI","N111","0",2
"UTI","N118","0",2
"UTI","N119","0",2
"UTI","N12","0",2
"UTI","N136","0",2
"UTI","N151","0",2
"UTI","N3000","0",2
"UTI","N3001","0",2
"UTI","N3010","0",2
"UTI","N3011","0",2
"UTI","N3020","0",2
"UTI","N3021","0",2
"UTI","N3030","0",2
"UTI","N3031","0",2
"UTI","N3040","0",2
"UTI","N3041","0",2
"UTI","N3080","0",2
"UTI","N3081","0",2
"UTI","N3090","0",2
"UTI","N3091","0",2
"UTI","N340","0",2
"UTI","N341","0",2
"UTI","N342","0",2
"UTI","N343","0",2
"UTI","N390","0",2
"Essential hypertension","O10011","0",15
"Essential hypertension","O10012","0",15
"Essential hypertension","O10013","0",15
"Essential hypertension","O10019","0",15
"Essential hypertension","O1002","0",15
"Essential hypertension","O1003","0",15
"Essential hypertension","O10911","0",15
"Essential hypertension","O10912","0",15
"Essential hypertension","O10913","0",15
"Essential hypertension","O10919","0",15
"Essential hypertension","O1092","0",15
"Essential hypertension","O1093","0",15
"Essential hypertension","O161","0",15
"Essential hypertension","O162","0",15
"Essential hypertension","O163","0",15
"Essential hypertension","O164","0",15
"Essential hypertension","O165","0",15
"Essential hypertension","O169","0",15
"UTI","O2300","0",2
"UTI","O2301","0",2
"UTI","O2302","0",2
"UTI","O2303","0",2
"UTI","O2310","0",2
"UTI","O2311","0",2
"UTI","O2312","0",2
"UTI","O2313","0",2
"UTI","O2320","0",2
"UTI","O2321","0",2
"UTI","O2322","0",2
"UTI","O2323","0",2
"UTI","O2330","0",2
"UTI","O2331","0",2
"UTI","O2332","0",2
"UTI","O2333","0",2
"UTI","O2340","0",2
"UTI","O2341","0",2
"UTI","O2342","0",2
"UTI","O2343","0",2
"Viral infection","O2640","0",14
"Viral infection","O2641","0",14
"Viral infection","O2642","0",14
"Viral infection","O2643","0",14
"UTI","O8620","0",2
"UTI","O8621","0",2
"UTI","O8622","0",2
"UTI","O8629","0",2
"Viral infection","P230","0",14
"Bacterial infection (other)","P231","0",10
"Bacterial infection (other)","P232","0",10
"Bacterial infection (other)","P233","0",10
"Bacterial infection (other)","P234","0",10
"Bacterial infection (other)","P235","0",10
"Bacterial infection (other)","P236","0",10
"Viral infection","P350","0",14
"Viral infection","P351","0",14
"Viral infection","P352","0",14
"Viral infection","P354","0",14
"Viral infection","P358","0",14
"Viral infection","P359","0",14
"Bacterial infection (other)","P360","0",10
"Bacterial infection (other)","P3610","0",10
"Bacterial infection (other)","P3619","0",10
"Bacterial infection (other)","P362","0",10
"Bacterial infection (other)","P3630","0",10
"Bacterial infection (other)","P3639","0",10
"Bacterial infection (other)","P364","0",10
"Bacterial infection (other)","P365","0",10
"Bacterial infection (other)","P368","0",10
"Bacterial infection (other)","P369","0",10
"Bacterial infection (other)","P372","0",10
"Motor vehicle traffic","V0210XA","0",16
"Motor vehicle traffic","V0211XA","0",16
"Motor vehicle traffic","V0212XA","0",16
"Motor vehicle traffic","V02131A","0",16
"Motor vehicle traffic","V02138A","0",16
"Motor vehicle traffic","V0219XA","0",16
"Motor vehicle traffic","V0290XA","0",16
"Motor vehicle traffic","V0291XA","0",16
"Motor vehicle traffic","V0292XA","0",16
"Motor vehicle traffic","V02931A","0",16
"Motor vehicle traffic","V02938A","0",16
"Motor vehicle traffic","V0299XA","0",16
"Motor vehicle traffic","V0310XA","0",16
"Motor vehicle traffic","V0311XA","0",16
"Motor vehicle traffic","V0312XA","0",16
"Motor vehicle traffic","V03131A","0",16
"Motor vehicle traffic","V03138A","0",16
"Motor vehicle traffic","V0319XA","0",16
"Motor vehicle traffic","V0390XA","0",16
"Motor vehicle traffic","V0391XA","0",16
"Motor vehicle traffic","V0392XA","0",16
"Motor vehicle traffic","V03931A","0",16
"Motor vehicle traffic","V03938A","0",16
"Motor vehicle traffic","V0399XA","0",16
"Motor vehicle traffic","V0410XA","0",16
"Motor vehicle traffic","V0411XA","0",16
"Motor vehicle traffic","V0412XA","0",16
"Motor vehicle traffic","V04131A","0",16
"Motor vehicle traffic","V04138A","0",16
"Motor vehicle traffic","V0419XA","0",16
"Motor vehicle traffic","V0490XA","0",16
"Motor vehicle traffic","V0491XA","0",16
"Motor vehicle traffic","V0492XA","0",16
"Motor vehicle traffic","V04931A","0",16
"Motor vehicle traffic","V04938A","0",16
"Motor vehicle traffic","V0499XA","0",16
"Motor vehicle traffic","V0920XA","0",16
"Motor vehicle traffic","V0921XA","0",16
"Motor vehicle traffic","V0929XA","0",16
"Motor vehicle traffic","V093XXA","0",16
"Motor vehicle traffic","V123XXA","0",16
"Motor vehicle traffic","V124XXA","0",16
"Motor vehicle traffic","V125XXA","0",16
"Motor vehicle traffic","V129XXA","0",16
"Motor vehicle traffic","V133XXA","0",16
"Motor vehicle traffic","V134XXA","0",16
"Motor vehicle traffic","V135XXA","0",16
"Motor vehicle traffic","V139XXA","0",16
"Motor vehicle traffic","V143XXA","0",16
"Motor vehicle traffic","V144XXA","0",16
"Motor vehicle traffic","V145XXA","0",16
"Motor vehicle traffic","V149XXA","0",16
"Motor vehicle traffic","V1940XA","0",16
"Motor vehicle traffic","V1949XA","0",16
"Motor vehicle traffic","V1950XA","0",16
"Motor vehicle traffic","V1959XA","0",16
"Motor vehicle traffic","V1960XA","0",16
"Motor vehicle traffic","V1969XA","0",16
"Motor vehicle traffic","V199XXA","0",16
"Motor vehicle traffic","V203XXA","0",16
"Motor vehicle traffic","V204XXA","0",16
"Motor vehicle traffic","V205XXA","0",16
"Motor vehicle traffic","V209XXA","0",16
"Motor vehicle traffic","V213XXA","0",16
"Motor vehicle traffic","V214XXA","0",16
"Motor vehicle traffic","V215XXA","0",16
"Motor vehicle traffic","V219XXA","0",16
"Motor vehicle traffic","V223XXA","0",16
"Motor vehicle traffic","V224XXA","0",16
"Motor vehicle traffic","V225XXA","0",16
"Motor vehicle traffic","V229XXA","0",16
"Motor vehicle traffic","V233XXA","0",16
"Motor vehicle traffic","V234XXA","0",16
"Motor vehicle traffic","V235XXA","0",16
"Motor vehicle traffic","V239XXA","0",16
"Motor vehicle traffic","V243XXA","0",16
"Motor vehicle traffic","V244XXA","0",16
"Motor vehicle traffic","V245XXA","0",16
"Motor vehicle traffic","V249XXA","0",16
"Motor vehicle traffic","V253XXA","0",16
"Motor vehicle traffic","V254XXA","0",16
"Motor vehicle traffic","V255XXA","0",16
"Motor vehicle traffic","V259XXA","0",16
"Motor vehicle traffic","V263XXA","0",16
"Motor vehicle traffic","V264XXA","0",16
"Motor vehicle traffic","V265XXA","0",16
"Motor vehicle traffic","V269XXA","0",16
"Motor vehicle traffic","V273XXA","0",16
"Motor vehicle traffic","V274XXA","0",16
"Motor vehicle traffic","V275XXA","0",16
"Motor vehicle traffic","V279XXA","0",16
"Motor vehicle traffic","V283XXA","0",16
"Motor vehicle traffic","V284XXA","0",16
"Motor vehicle traffic","V285XXA","0",16
"Motor vehicle traffic","V289XXA","0",16
"Motor vehicle traffic","V2940XA","0",16
"Motor vehicle traffic","V2949XA","0",16
"Motor vehicle traffic","V2950XA","0",16
"Motor vehicle traffic","V2959XA","0",16
"Motor vehicle traffic","V2960XA","0",16
"Motor vehicle traffic","V2969XA","0",16
"Motor vehicle traffic","V2981XA","0",16
"Motor vehicle traffic","V2988XA","0",16
"Motor vehicle traffic","V299XXA","0",16
"Motor vehicle traffic","V304XXA","0",16
"Motor vehicle traffic","V305XXA","0",16
"Motor vehicle traffic","V306XXA","0",16
"Motor vehicle traffic","V307XXA","0",16
"Motor vehicle traffic","V309XXA","0",16
"Motor vehicle traffic","V314XXA","0",16
"Motor vehicle traffic","V315XXA","0",16
"Motor vehicle traffic","V316XXA","0",16
"Motor vehicle traffic","V317XXA","0",16
"Motor vehicle traffic","V319XXA","0",16
"Motor vehicle traffic","V324XXA","0",16
"Motor vehicle traffic","V325XXA","0",16
"Motor vehicle traffic","V326XXA","0",16
"Motor vehicle traffic","V327XXA","0",16
"Motor vehicle traffic","V329XXA","0",16
"Motor vehicle traffic","V334XXA","0",16
"Motor vehicle traffic","V335XXA","0",16
"Motor vehicle traffic","V336XXA","0",16
"Motor vehicle traffic","V337XXA","0",16
"Motor vehicle traffic","V339XXA","0",16
"Motor vehicle traffic","V344XXA","0",16
"Motor vehicle traffic","V345XXA","0",16
"Motor vehicle traffic","V346XXA","0",16
"Motor vehicle traffic","V347XXA","0",16
"Motor vehicle traffic","V349XXA","0",16
"Motor vehicle traffic","V354XXA","0",16
"Motor vehicle traffic","V355XXA","0",16
"Motor vehicle traffic","V356XXA","0",16
"Motor vehicle traffic","V357XXA","0",16
"Motor vehicle traffic","V359XXA","0",16
"Motor vehicle traffic","V364XXA","0",16
"Motor vehicle traffic","V365XXA","0",16
"Motor vehicle traffic","V366XXA","0",16
"Motor vehicle traffic","V367XXA","0",16
"Motor vehicle traffic","V369XXA","0",16
"Motor vehicle traffic","V374XXA","0",16
"Motor vehicle traffic","V375XXA","0",16
"Motor vehicle traffic","V376XXA","0",16
"Motor vehicle traffic","V377XXA","0",16
"Motor vehicle traffic","V379XXA","0",16
"Motor vehicle traffic","V384XXA","0",16
"Motor vehicle traffic","V385XXA","0",16
"Motor vehicle traffic","V386XXA","0",16
"Motor vehicle traffic","V387XXA","0",16
"Motor vehicle traffic","V389XXA","0",16
"Motor vehicle traffic","V3940XA","0",16
"Motor vehicle traffic","V3949XA","0",16
"Motor vehicle traffic","V3950XA","0",16
"Motor vehicle traffic","V3959XA","0",16
"Motor vehicle traffic","V3960XA","0",16
"Motor vehicle traffic","V3969XA","0",16
"Motor vehicle traffic","V3981XA","0",16
"Motor vehicle traffic","V3989XA","0",16
"Motor vehicle traffic","V399XXA","0",16
"Motor vehicle traffic","V404XXA","0",16
"Motor vehicle traffic","V405XXA","0",16
"Motor vehicle traffic","V406XXA","0",16
"Motor vehicle traffic","V407XXA","0",16
"Motor vehicle traffic","V409XXA","0",16
"Motor vehicle traffic","V414XXA","0",16
"Motor vehicle traffic","V415XXA","0",16
"Motor vehicle traffic","V416XXA","0",16
"Motor vehicle traffic","V417XXA","0",16
"Motor vehicle traffic","V419XXA","0",16
"Motor vehicle traffic","V424XXA","0",16
"Motor vehicle traffic","V425XXA","0",16
"Motor vehicle traffic","V426XXA","0",16
"Motor vehicle traffic","V427XXA","0",16
"Motor vehicle traffic","V429XXA","0",16
"Motor vehicle traffic","V4341XA","0",16
"Motor vehicle traffic","V4342XA","0",16
"Motor vehicle traffic","V4343XA","0",16
"Motor vehicle traffic","V4344XA","0",16
"Motor vehicle traffic","V4351XA","0",16
"Motor vehicle traffic","V4352XA","0",16
"Motor vehicle traffic","V4353XA","0",16
"Motor vehicle traffic","V4354XA","0",16
"Motor vehicle traffic","V4361XA","0",16
"Motor vehicle traffic","V4362XA","0",16
"Motor vehicle traffic","V4363XA","0",16
"Motor vehicle traffic","V4364XA","0",16
"Motor vehicle traffic","V4371XA","0",16
"Motor vehicle traffic","V4372XA","0",16
"Motor vehicle traffic","V4373XA","0",16
"Motor vehicle traffic","V4374XA","0",16
"Motor vehicle traffic","V4391XA","0",16
"Motor vehicle traffic","V4392XA","0",16
"Motor vehicle traffic","V4393XA","0",16
"Motor vehicle traffic","V4394XA","0",16
"Motor vehicle traffic","V444XXA","0",16
"Motor vehicle traffic","V445XXA","0",16
"Motor vehicle traffic","V446XXA","0",16
"Motor vehicle traffic","V447XXA","0",16
"Motor vehicle traffic","V449XXA","0",16
"Motor vehicle traffic","V454XXA","0",16
"Motor vehicle traffic","V455XXA","0",16
"Motor vehicle traffic","V456XXA","0",16
"Motor vehicle traffic","V457XXA","0",16
"Motor vehicle traffic","V459XXA","0",16
"Motor vehicle traffic","V464XXA","0",16
"Motor vehicle traffic","V465XXA","0",16
"Motor vehicle traffic","V466XXA","0",16
"Motor vehicle traffic","V467XXA","0",16
"Motor vehicle traffic","V469XXA","0",16
"Motor vehicle traffic","V474XXA","0",16
"Motor vehicle traffic","V4751XA","0",16
"Motor vehicle traffic","V4752XA","0",16
"Motor vehicle traffic","V475XXA","0",16
"Motor vehicle traffic","V4761XA","0",16
"Motor vehicle traffic","V4762XA","0",16
"Motor vehicle traffic","V476XXA","0",16
"Motor vehicle traffic","V477XXA","0",16
"Motor vehicle traffic","V4791XA","0",16
"Motor vehicle traffic","V4792XA","0",16
"Motor vehicle traffic","V479XXA","0",16
"Motor vehicle traffic","V484XXA","0",16
"Motor vehicle traffic","V485XXA","0",16
"Motor vehicle traffic","V486XXA","0",16
"Motor vehicle traffic","V487XXA","0",16
"Motor vehicle traffic","V489XXA","0",16
"Motor vehicle traffic","V4940XA","0",16
"Motor vehicle traffic","V4949XA","0",16
"Motor vehicle traffic","V4950XA","0",16
"Motor vehicle traffic","V4959XA","0",16
"Motor vehicle traffic","V4960XA","0",16
"Motor vehicle traffic","V4969XA","0",16
"Motor vehicle traffic","V4981XA","0",16
"Motor vehicle traffic","V4988XA","0",16
"Motor vehicle traffic","V499XXA","0",16
"Motor vehicle traffic","V504XXA","0",16
"Motor vehicle traffic","V505XXA","0",16
"Motor vehicle traffic","V506XXA","0",16
"Motor vehicle traffic","V507XXA","0",16
"Motor vehicle traffic","V509XXA","0",16
"Motor vehicle traffic","V514XXA","0",16
"Motor vehicle traffic","V515XXA","0",16
"Motor vehicle traffic","V516XXA","0",16
"Motor vehicle traffic","V517XXA","0",16
"Motor vehicle traffic","V519XXA","0",16
"Motor vehicle traffic","V524XXA","0",16
"Motor vehicle traffic","V525XXA","0",16
"Motor vehicle traffic","V526XXA","0",16
"Motor vehicle traffic","V527XXA","0",16
"Motor vehicle traffic","V529XXA","0",16
"Motor vehicle traffic","V534XXA","0",16
"Motor vehicle traffic","V535XXA","0",16
"Motor vehicle traffic","V536XXA","0",16
"Motor vehicle traffic","V537XXA","0",16
"Motor vehicle traffic","V539XXA","0",16
"Motor vehicle traffic","V544XXA","0",16
"Motor vehicle traffic","V545XXA","0",16
"Motor vehicle traffic","V546XXA","0",16
"Motor vehicle traffic","V547XXA","0",16
"Motor vehicle traffic","V549XXA","0",16
"Motor vehicle traffic","V554XXA","0",16
"Motor vehicle traffic","V555XXA","0",16
"Motor vehicle traffic","V556XXA","0",16
"Motor vehicle traffic","V557XXA","0",16
"Motor vehicle traffic","V559XXA","0",16
"Motor vehicle traffic","V564XXA","0",16
"Motor vehicle traffic","V565XXA","0",16
"Motor vehicle traffic","V566XXA","0",16
"Motor vehicle traffic","V567XXA","0",16
"Motor vehicle traffic","V569XXA","0",16
"Motor vehicle traffic","V574XXA","0",16
"Motor vehicle traffic","V575XXA","0",16
"Motor vehicle traffic","V576XXA","0",16
"Motor vehicle traffic","V577XXA","0",16
"Motor vehicle traffic","V579XXA","0",16
"Motor vehicle traffic","V584XXA","0",16
"Motor vehicle traffic","V585XXA","0",16
"Motor vehicle traffic","V586XXA","0",16
"Motor vehicle traffic","V587XXA","0",16
"Motor vehicle traffic","V589XXA","0",16
"Motor vehicle traffic","V5940XA","0",16
"Motor vehicle traffic","V5949XA","0",16
"Motor vehicle traffic","V5950XA","0",16
"Motor vehicle traffic","V5959XA","0",16
"Motor vehicle traffic","V5960XA","0",16
"Motor vehicle traffic","V5969XA","0",16
"Motor vehicle traffic","V5981XA","0",16
"Motor vehicle traffic","V5988XA","0",16
"Motor vehicle traffic","V599XXA","0",16
"Motor vehicle traffic","V604XXA","0",16
"Motor vehicle traffic","V605XXA","0",16
"Motor vehicle traffic","V606XXA","0",16
"Motor vehicle traffic","V607XXA","0",16
"Motor vehicle traffic","V609XXA","0",16
"Motor vehicle traffic","V614XXA","0",16
"Motor vehicle traffic","V615XXA","0",16
"Motor vehicle traffic","V616XXA","0",16
"Motor vehicle traffic","V617XXA","0",16
"Motor vehicle traffic","V619XXA","0",16
"Motor vehicle traffic","V624XXA","0",16
"Motor vehicle traffic","V625XXA","0",16
"Motor vehicle traffic","V626XXA","0",16
"Motor vehicle traffic","V627XXA","0",16
"Motor vehicle traffic","V629XXA","0",16
"Motor vehicle traffic","V634XXA","0",16
"Motor vehicle traffic","V635XXA","0",16
"Motor vehicle traffic","V636XXA","0",16
"Motor vehicle traffic","V637XXA","0",16
"Motor vehicle traffic","V639XXA","0",16
"Motor vehicle traffic","V644XXA","0",16
"Motor vehicle traffic","V645XXA","0",16
"Motor vehicle traffic","V646XXA","0",16
"Motor vehicle traffic","V647XXA","0",16
"Motor vehicle traffic","V649XXA","0",16
"Motor vehicle traffic","V654XXA","0",16
"Motor vehicle traffic","V655XXA","0",16
"Motor vehicle traffic","V656XXA","0",16
"Motor vehicle traffic","V657XXA","0",16
"Motor vehicle traffic","V659XXA","0",16
"Motor vehicle traffic","V664XXA","0",16
"Motor vehicle traffic","V665XXA","0",16
"Motor vehicle traffic","V666XXA","0",16
"Motor vehicle traffic","V667XXA","0",16
"Motor vehicle traffic","V669XXA","0",16
"Motor vehicle traffic","V674XXA","0",16
"Motor vehicle traffic","V675XXA","0",16
"Motor vehicle traffic","V676XXA","0",16
"Motor vehicle traffic","V677XXA","0",16
"Motor vehicle traffic","V679XXA","0",16
"Motor vehicle traffic","V684XXA","0",16
"Motor vehicle traffic","V685XXA","0",16
"Motor vehicle traffic","V686XXA","0",16
"Motor vehicle traffic","V687XXA","0",16
"Motor vehicle traffic","V689XXA","0",16
"Motor vehicle traffic","V6940XA","0",16
"Motor vehicle traffic","V6949XA","0",16
"Motor vehicle traffic","V6950XA","0",16
"Motor vehicle traffic","V6959XA","0",16
"Motor vehicle traffic","V6960XA","0",16
"Motor vehicle traffic","V6969XA","0",16
"Motor vehicle traffic","V6981XA","0",16
"Motor vehicle traffic","V6988XA","0",16
"Motor vehicle traffic","V699XXA","0",16
"Motor vehicle traffic","V704XXA","0",16
"Motor vehicle traffic","V705XXA","0",16
"Motor vehicle traffic","V706XXA","0",16
"Motor vehicle traffic","V707XXA","0",16
"Motor vehicle traffic","V709XXA","0",16
"Motor vehicle traffic","V714XXA","0",16
"Motor vehicle traffic","V715XXA","0",16
"Motor vehicle traffic","V716XXA","0",16
"Motor vehicle traffic","V717XXA","0",16
"Motor vehicle traffic","V719XXA","0",16
"Motor vehicle traffic","V724XXA","0",16
"Motor vehicle traffic","V725XXA","0",16
"Motor vehicle traffic","V726XXA","0",16
"Motor vehicle traffic","V727XXA","0",16
"Motor vehicle traffic","V729XXA","0",16
"Motor vehicle traffic","V734XXA","0",16
"Motor vehicle traffic","V735XXA","0",16
"Motor vehicle traffic","V736XXA","0",16
"Motor vehicle traffic","V737XXA","0",16
"Motor vehicle traffic","V739XXA","0",16
"Motor vehicle traffic","V744XXA","0",16
"Motor vehicle traffic","V745XXA","0",16
"Motor vehicle traffic","V746XXA","0",16
"Motor vehicle traffic","V747XXA","0",16
"Motor vehicle traffic","V749XXA","0",16
"Motor vehicle traffic","V754XXA","0",16
"Motor vehicle traffic","V755XXA","0",16
"Motor vehicle traffic","V756XXA","0",16
"Motor vehicle traffic","V757XXA","0",16
"Motor vehicle traffic","V759XXA","0",16
"Motor vehicle traffic","V764XXA","0",16
"Motor vehicle traffic","V765XXA","0",16
"Motor vehicle traffic","V766XXA","0",16
"Motor vehicle traffic","V767XXA","0",16
"Motor vehicle traffic","V769XXA","0",16
"Motor vehicle traffic","V774XXA","0",16
"Motor vehicle traffic","V775XXA","0",16
"Motor vehicle traffic","V776XXA","0",16
"Motor vehicle traffic","V777XXA","0",16
"Motor vehicle traffic","V779XXA","0",16
"Motor vehicle traffic","V784XXA","0",16
"Motor vehicle traffic","V785XXA","0",16
"Motor vehicle traffic","V786XXA","0",16
"Motor vehicle traffic","V787XXA","0",16
"Motor vehicle traffic","V789XXA","0",16
"Motor vehicle traffic","V7940XA","0",16
"Motor vehicle traffic","V7949XA","0",16
"Motor vehicle traffic","V7950XA","0",16
"Motor vehicle traffic","V7959XA","0",16
"Motor vehicle traffic","V7960XA","0",16
"Motor vehicle traffic","V7969XA","0",16
"Motor vehicle traffic","V7981XA","0",16
"Motor vehicle traffic","V7988XA","0",16
"Motor vehicle traffic","V799XXA","0",16
"Motor vehicle traffic","V8031XA","0",16
"Motor vehicle traffic","V8032XA","0",16
"Motor vehicle traffic","V8041XA","0",16
"Motor vehicle traffic","V8042XA","0",16
"Motor vehicle traffic","V8051XA","0",16
"Motor vehicle traffic","V8052XA","0",16
"Motor vehicle traffic","V811XXA","0",16
"Motor vehicle traffic","V821XXA","0",16
"Motor vehicle traffic","V830XXA","0",16
"Motor vehicle traffic","V831XXA","0",16
"Motor vehicle traffic","V832XXA","0",16
"Motor vehicle traffic","V833XXA","0",16
"Motor vehicle traffic","V840XXA","0",16
"Motor vehicle traffic","V841XXA","0",16
"Motor vehicle traffic","V842XXA","0",16
"Motor vehicle traffic","V843XXA","0",16
"Motor vehicle traffic","V850XXA","0",16
"Motor vehicle traffic","V851XXA","0",16
"Motor vehicle traffic","V852XXA","0",16
"Motor vehicle traffic","V853XXA","0",16
"Motor vehicle traffic","V8601XA","0",16
"Motor vehicle traffic","V8602XA","0",16
"Motor vehicle traffic","V8603XA","0",16
"Motor vehicle traffic","V8604XA","0",16
"Motor vehicle traffic","V8605XA","0",16
"Motor vehicle traffic","V8606XA","0",16
"Motor vehicle traffic","V8609XA","0",16
"Motor vehicle traffic","V8611XA","0",16
"Motor vehicle traffic","V8612XA","0",16
"Motor vehicle traffic","V8613XA","0",16
"Motor vehicle traffic","V8614XA","0",16
"Motor vehicle traffic","V8615XA","0",16
"Motor vehicle traffic","V8616XA","0",16
"Motor vehicle traffic","V8619XA","0",16
"Motor vehicle traffic","V8621XA","0",16
"Motor vehicle traffic","V8622XA","0",16
"Motor vehicle traffic","V8623XA","0",16
"Motor vehicle traffic","V8624XA","0",16
"Motor vehicle traffic","V8625XA","0",16
"Motor vehicle traffic","V8626XA","0",16
"Motor vehicle traffic","V8629XA","0",16
"Motor vehicle traffic","V8631XA","0",16
"Motor vehicle traffic","V8632XA","0",16
"Motor vehicle traffic","V8633XA","0",16
"Motor vehicle traffic","V8634XA","0",16
"Motor vehicle traffic","V8635XA","0",16
"Motor vehicle traffic","V8636XA","0",16
"Motor vehicle traffic","V8639XA","0",16
"Motor vehicle traffic","V870XXA","0",16
"Motor vehicle traffic","V871XXA","0",16
"Motor vehicle traffic","V872XXA","0",16
"Motor vehicle traffic","V873XXA","0",16
"Motor vehicle traffic","V874XXA","0",16
"Motor vehicle traffic","V875XXA","0",16
"Motor vehicle traffic","V876XXA","0",16
"Motor vehicle traffic","V877XXA","0",16
"Motor vehicle traffic","V878XXA","0",16
"Motor vehicle traffic","V892XXA","0",16
"Motor vehicle traffic","X810XXA","0",16
"Motor vehicle traffic","X820XXA","0",16
"Motor vehicle traffic","X821XXA","0",16
"Motor vehicle traffic","X822XXA","0",16
"Motor vehicle traffic","X828XXA","0",16
"Motor vehicle traffic","Y020XXA","0",16
"Motor vehicle traffic","Y030XXA","0",16
"Motor vehicle traffic","Y038XXA","0",16
"Motor vehicle traffic","Y32XXXA","0",16
